Epoch,MAE,RMSE
0,tensor(150.4160),tensor(200.1308)
1,tensor(105.2551),tensor(133.9558)
2,tensor(37.9120),tensor(51.6082)
3,tensor(52.5752),tensor(66.3069)
4,tensor(34.3565),tensor(52.7153)
5,tensor(46.0582),tensor(67.3574)
6,tensor(28.3585),tensor(40.1105)
7,tensor(38.3538),tensor(58.3900)
8,tensor(73.2253),tensor(107.4029)
9,tensor(104.3935),tensor(116.5242)
10,tensor(61.9451),tensor(77.2529)
11,tensor(47.6653),tensor(69.9681)
12,tensor(54.0095),tensor(77.9902)
13,tensor(37.1215),tensor(54.7127)
14,tensor(60.6245),tensor(69.0932)
15,tensor(28.3420),tensor(34.3129)
16,tensor(80.4102),tensor(103.1404)
17,tensor(47.4489),tensor(68.2708)
18,tensor(33.1023),tensor(48.4143)
19,tensor(151.3480),tensor(159.5740)
20,tensor(16.2615),tensor(21.9212)
21,tensor(15.2147),tensor(25.1516)
22,tensor(40.3598),tensor(47.2120)
23,tensor(29.8756),tensor(39.5325)
24,tensor(23.5483),tensor(27.5258)
25,tensor(29.1714),tensor(36.4516)
26,tensor(78.3753),tensor(84.7918)
27,tensor(17.1994),tensor(24.0309)
28,tensor(166.2082),tensor(179.5363)
29,tensor(78.2324),tensor(94.9360)
30,tensor(38.9673),tensor(52.8012)
31,tensor(36.5644),tensor(48.4842)
32,tensor(42.3692),tensor(63.1064)
33,tensor(32.5827),tensor(42.8430)
34,tensor(26.9064),tensor(37.7372)
35,tensor(32.1559),tensor(40.3056)
36,tensor(17.0534),tensor(23.2877)
37,tensor(34.2566),tensor(41.7013)
38,tensor(26.5548),tensor(38.7763)
39,tensor(11.6056),tensor(16.9741)
40,tensor(45.7359),tensor(68.0102)
41,tensor(69.6485),tensor(87.4961)
42,tensor(13.0765),tensor(19.1402)
43,tensor(10.8317),tensor(15.4294)
44,tensor(32.8145),tensor(45.9064)
45,tensor(45.3881),tensor(61.6215)
46,tensor(28.9890),tensor(47.8665)
47,tensor(52.9233),tensor(65.9550)
48,tensor(21.0974),tensor(27.4459)
49,tensor(17.2000),tensor(22.0609)
50,tensor(37.0593),tensor(41.7542)
51,tensor(19.3705),tensor(24.3624)
52,tensor(15.8899),tensor(24.8734)
53,tensor(21.8552),tensor(29.7374)
54,tensor(17.8667),tensor(21.4387)
55,tensor(25.0760),tensor(35.2018)
56,tensor(20.1539),tensor(34.0179)
57,tensor(22.8547),tensor(27.8332)
58,tensor(27.2319),tensor(31.3598)
59,tensor(35.2208),tensor(42.8555)
60,tensor(52.4620),tensor(69.6074)
61,tensor(17.6925),tensor(23.0142)
62,tensor(32.3222),tensor(41.2619)
63,tensor(54.9537),tensor(63.8792)
64,tensor(24.4249),tensor(34.3376)
65,tensor(23.7810),tensor(31.6699)
66,tensor(18.2043),tensor(25.0153)
67,tensor(19.8634),tensor(25.3959)
68,tensor(16.6750),tensor(25.6868)
69,tensor(15.0551),tensor(18.8075)
70,tensor(12.6079),tensor(17.1246)
71,tensor(13.1598),tensor(19.2729)
72,tensor(24.6000),tensor(27.3899)
73,tensor(15.2129),tensor(20.2470)
74,tensor(18.0617),tensor(25.3161)
75,tensor(12.4250),tensor(19.9530)
76,tensor(32.6154),tensor(57.3525)
77,tensor(11.6780),tensor(16.7789)
78,tensor(28.0900),tensor(37.5721)
79,tensor(39.0878),tensor(42.5274)
80,tensor(19.1368),tensor(23.8051)
81,tensor(18.4272),tensor(25.4238)
82,tensor(25.3748),tensor(31.9367)
83,tensor(10.6163),tensor(15.9339)
84,tensor(13.6970),tensor(16.8488)
85,tensor(15.4173),tensor(19.6690)
86,tensor(12.4259),tensor(18.2105)
87,tensor(11.5531),tensor(18.1750)
88,tensor(43.1167),tensor(60.3943)
89,tensor(28.0488),tensor(30.9745)
90,tensor(15.8902),tensor(18.5421)
91,tensor(16.6432),tensor(22.9283)
92,tensor(12.9926),tensor(20.9452)
93,tensor(22.9771),tensor(36.6988)
94,tensor(15.1876),tensor(25.5925)
95,tensor(21.6913),tensor(24.8817)
96,tensor(9.4209),tensor(15.1534)
97,tensor(22.1448),tensor(31.1661)
98,tensor(36.3139),tensor(51.0065)
99,tensor(10.4074),tensor(16.3969)
100,tensor(13.2967),tensor(23.4504)
101,tensor(25.5615),tensor(42.9821)
102,tensor(15.4050),tensor(19.4584)
103,tensor(9.8058),tensor(17.1888)
104,tensor(20.8753),tensor(28.4302)
105,tensor(46.3849),tensor(51.7505)
106,tensor(25.4439),tensor(31.6973)
107,tensor(16.9305),tensor(20.9492)
108,tensor(14.7702),tensor(19.5987)
109,tensor(22.2565),tensor(28.3727)
110,tensor(67.5969),tensor(70.1489)
111,tensor(16.8097),tensor(26.5180)
112,tensor(32.1847),tensor(44.8162)
113,tensor(25.9519),tensor(29.5115)
114,tensor(10.0226),tensor(14.8024)
115,tensor(17.1819),tensor(20.7681)
116,tensor(17.8214),tensor(21.5476)
117,tensor(30.0360),tensor(33.6118)
118,tensor(10.4341),tensor(15.2273)
119,tensor(10.2060),tensor(15.4665)
120,tensor(52.6062),tensor(55.7814)
121,tensor(29.7324),tensor(42.8676)
122,tensor(17.0929),tensor(20.9856)
123,tensor(13.7247),tensor(18.2990)
124,tensor(13.9179),tensor(26.4327)
125,tensor(23.9304),tensor(34.6389)
126,tensor(15.3660),tensor(25.1826)
127,tensor(18.7030),tensor(23.2553)
128,tensor(35.7986),tensor(39.0745)
129,tensor(15.4871),tensor(20.7444)
130,tensor(26.9965),tensor(35.4480)
131,tensor(11.6394),tensor(17.8728)
132,tensor(25.2760),tensor(38.1936)
133,tensor(24.9684),tensor(28.3449)
134,tensor(12.5536),tensor(18.3841)
135,tensor(14.2366),tensor(17.3037)
136,tensor(24.2953),tensor(29.7689)
137,tensor(22.1696),tensor(25.5724)
138,tensor(18.4151),tensor(23.8411)
139,tensor(13.8945),tensor(19.6202)
140,tensor(16.6547),tensor(29.6335)
141,tensor(25.9974),tensor(29.3389)
142,tensor(30.6195),tensor(34.2194)
143,tensor(18.9678),tensor(22.4343)
144,tensor(9.3444),tensor(14.5596)
145,tensor(10.8325),tensor(21.2764)
146,tensor(15.9103),tensor(25.6465)
147,tensor(11.2154),tensor(16.2851)
148,tensor(50.1345),tensor(54.9441)
149,tensor(20.4382),tensor(26.0609)
150,tensor(12.5526),tensor(16.9449)
151,tensor(9.4791),tensor(15.4602)
152,tensor(27.8837),tensor(39.8401)
153,tensor(15.4312),tensor(19.9884)
154,tensor(17.6195),tensor(24.1420)
155,tensor(48.2820),tensor(55.9023)
156,tensor(12.5482),tensor(20.9512)
157,tensor(17.0086),tensor(26.6270)
158,tensor(18.6641),tensor(23.2483)
159,tensor(9.5843),tensor(14.9139)
160,tensor(14.1296),tensor(19.9628)
161,tensor(18.7082),tensor(23.8849)
162,tensor(23.8523),tensor(30.2249)
163,tensor(35.1008),tensor(37.5839)
164,tensor(13.9741),tensor(22.6559)
165,tensor(11.6377),tensor(16.9184)
166,tensor(18.4604),tensor(23.6950)
167,tensor(18.9298),tensor(26.9180)
168,tensor(10.3524),tensor(16.9174)
169,tensor(12.1826),tensor(21.4128)
170,tensor(12.5083),tensor(17.5727)
171,tensor(14.5025),tensor(21.7268)
172,tensor(13.5615),tensor(19.0663)
173,tensor(13.2506),tensor(21.8280)
174,tensor(22.6786),tensor(30.1511)
175,tensor(14.2954),tensor(21.3960)
176,tensor(15.3872),tensor(23.5476)
177,tensor(10.0466),tensor(17.0408)
178,tensor(40.4345),tensor(47.5082)
179,tensor(24.8089),tensor(29.9703)
180,tensor(13.4705),tensor(19.5850)
181,tensor(12.2947),tensor(16.3710)
182,tensor(8.7860),tensor(13.0186)
183,tensor(11.1804),tensor(18.8123)
184,tensor(9.0635),tensor(14.6125)
185,tensor(16.1876),tensor(29.8492)
186,tensor(9.1614),tensor(14.1868)
187,tensor(22.1464),tensor(26.8433)
188,tensor(10.5459),tensor(15.4660)
189,tensor(10.0185),tensor(14.9661)
190,tensor(11.4666),tensor(17.6271)
191,tensor(12.4312),tensor(23.8659)
192,tensor(11.8080),tensor(19.5021)
193,tensor(21.5706),tensor(37.8774)
194,tensor(25.4582),tensor(29.9729)
195,tensor(27.1203),tensor(40.3086)
196,tensor(35.0762),tensor(43.6363)
197,tensor(24.8503),tensor(35.7192)
198,tensor(18.1876),tensor(25.1070)
199,tensor(26.9871),tensor(35.9314)
200,tensor(16.5897),tensor(26.2298)
201,tensor(24.2420),tensor(38.4466)
202,tensor(22.6690),tensor(29.4831)
203,tensor(21.0822),tensor(29.7181)
204,tensor(19.8304),tensor(25.7707)
205,tensor(24.8885),tensor(34.2990)
206,tensor(12.3066),tensor(17.2617)
207,tensor(12.7613),tensor(18.2682)
208,tensor(17.6636),tensor(22.8058)
209,tensor(24.4653),tensor(37.9021)
210,tensor(11.7591),tensor(24.2864)
211,tensor(18.0528),tensor(25.4742)
212,tensor(15.8974),tensor(27.1608)
213,tensor(18.6301),tensor(22.1877)
214,tensor(17.5040),tensor(26.8913)
215,tensor(16.9137),tensor(21.7662)
216,tensor(13.1728),tensor(24.9469)
217,tensor(19.5423),tensor(28.1023)
218,tensor(31.6024),tensor(36.5163)
219,tensor(13.1173),tensor(18.9631)
220,tensor(24.0889),tensor(33.1190)
221,tensor(20.3660),tensor(26.0064)
222,tensor(17.1566),tensor(26.3808)
223,tensor(28.0480),tensor(33.4948)
224,tensor(13.9383),tensor(21.6492)
225,tensor(14.6056),tensor(24.7743)
226,tensor(10.1272),tensor(16.6787)
227,tensor(15.9159),tensor(22.5720)
228,tensor(13.5473),tensor(25.1080)
229,tensor(15.4083),tensor(21.1102)
230,tensor(23.6188),tensor(38.7790)
231,tensor(14.4665),tensor(22.3342)
232,tensor(15.5366),tensor(19.0328)
233,tensor(12.0010),tensor(22.1853)
234,tensor(22.3637),tensor(31.4161)
235,tensor(14.8012),tensor(21.8038)
236,tensor(16.7792),tensor(23.6712)
237,tensor(19.0149),tensor(32.7264)
238,tensor(14.6868),tensor(19.2910)
239,tensor(16.1701),tensor(23.5973)
240,tensor(23.5835),tensor(26.5916)
241,tensor(9.3821),tensor(15.8883)
242,tensor(16.2187),tensor(22.2549)
243,tensor(10.6001),tensor(20.2996)
244,tensor(14.5340),tensor(29.5394)
245,tensor(36.5356),tensor(51.6556)
246,tensor(15.0602),tensor(27.5814)
247,tensor(17.6880),tensor(30.4409)
248,tensor(16.1146),tensor(25.4305)
249,tensor(10.9677),tensor(19.1257)
250,tensor(26.0088),tensor(32.4844)
251,tensor(13.0628),tensor(20.7535)
252,tensor(17.8117),tensor(31.5535)
253,tensor(11.8252),tensor(20.8145)
254,tensor(10.0252),tensor(14.7687)
255,tensor(13.2149),tensor(20.6385)
256,tensor(13.7864),tensor(24.4343)
257,tensor(12.2692),tensor(17.7407)
258,tensor(15.2841),tensor(19.6031)
259,tensor(26.2214),tensor(36.5969)
260,tensor(13.5024),tensor(20.2577)
261,tensor(20.5118),tensor(28.9871)
262,tensor(33.9138),tensor(43.6715)
263,tensor(14.6447),tensor(24.1314)
264,tensor(27.2806),tensor(38.7415)
265,tensor(12.4721),tensor(21.1607)
266,tensor(15.5756),tensor(20.2309)
267,tensor(15.8734),tensor(20.0354)
268,tensor(14.6984),tensor(24.9915)
269,tensor(20.2905),tensor(27.5716)
270,tensor(55.2491),tensor(58.5012)
271,tensor(14.9609),tensor(24.9180)
272,tensor(12.6400),tensor(17.2506)
273,tensor(11.5359),tensor(21.4915)
274,tensor(12.6454),tensor(17.8672)
275,tensor(28.9316),tensor(40.4073)
276,tensor(13.6662),tensor(23.5112)
277,tensor(11.4205),tensor(20.1516)
278,tensor(16.4190),tensor(21.2536)
279,tensor(49.1568),tensor(50.7980)
280,tensor(12.8064),tensor(22.3998)
281,tensor(10.7552),tensor(19.8109)
282,tensor(14.2111),tensor(19.5150)
283,tensor(11.6022),tensor(19.3464)
284,tensor(11.0526),tensor(19.4578)
285,tensor(15.4404),tensor(28.8163)
286,tensor(27.3762),tensor(33.5166)
287,tensor(22.1419),tensor(29.9048)
288,tensor(14.8455),tensor(18.9831)
289,tensor(10.6224),tensor(17.4303)
290,tensor(22.5512),tensor(38.5876)
291,tensor(15.7150),tensor(21.7657)
292,tensor(15.5875),tensor(19.9451)
293,tensor(12.5178),tensor(18.7657)
294,tensor(11.1936),tensor(21.1413)
295,tensor(15.2492),tensor(28.1611)
296,tensor(15.0531),tensor(18.7664)
297,tensor(10.0022),tensor(18.9866)
298,tensor(14.2869),tensor(24.7591)
299,tensor(19.5199),tensor(30.3334)
300,tensor(10.9625),tensor(20.6914)
301,tensor(15.8566),tensor(26.2876)
302,tensor(21.7245),tensor(27.6701)
303,tensor(18.3004),tensor(30.0346)
304,tensor(12.0790),tensor(17.7094)
305,tensor(16.7388),tensor(20.8437)
306,tensor(12.3260),tensor(22.4385)
307,tensor(15.7077),tensor(25.9984)
308,tensor(27.1402),tensor(38.0284)
309,tensor(33.5498),tensor(44.7270)
310,tensor(23.4233),tensor(27.9513)
311,tensor(10.7337),tensor(16.8960)
312,tensor(8.7425),tensor(14.5517)
313,tensor(12.6398),tensor(17.4842)
314,tensor(29.7408),tensor(36.0586)
315,tensor(26.5618),tensor(29.3815)
316,tensor(14.3351),tensor(23.0446)
317,tensor(21.4608),tensor(25.2885)
318,tensor(20.1592),tensor(33.9110)
319,tensor(10.8789),tensor(19.2267)
320,tensor(34.1752),tensor(43.0015)
321,tensor(11.3667),tensor(21.5428)
322,tensor(27.1318),tensor(38.4914)
323,tensor(12.2922),tensor(22.9749)
324,tensor(39.6486),tensor(43.9873)
325,tensor(16.6383),tensor(27.5506)
326,tensor(20.8525),tensor(29.8469)
327,tensor(17.4507),tensor(25.7510)
328,tensor(19.3328),tensor(25.0803)
329,tensor(14.4782),tensor(26.3619)
330,tensor(21.4887),tensor(26.1803)
331,tensor(16.7137),tensor(25.6651)
332,tensor(10.9739),tensor(21.3118)
333,tensor(10.7580),tensor(21.0836)
334,tensor(15.9205),tensor(21.9222)
335,tensor(17.5895),tensor(29.2610)
336,tensor(10.0926),tensor(16.7915)
337,tensor(10.8246),tensor(18.9846)
338,tensor(12.4461),tensor(21.2983)
339,tensor(34.5474),tensor(40.3668)
340,tensor(9.6809),tensor(17.8729)
341,tensor(15.6301),tensor(27.2333)
342,tensor(14.0556),tensor(21.0907)
343,tensor(25.1435),tensor(34.4067)
344,tensor(19.8064),tensor(31.6404)
345,tensor(28.5603),tensor(36.0937)
346,tensor(13.8811),tensor(18.6842)
347,tensor(14.9305),tensor(26.6590)
348,tensor(21.9125),tensor(32.9253)
349,tensor(11.5110),tensor(19.4455)
350,tensor(19.9916),tensor(29.5253)
351,tensor(23.8183),tensor(28.9796)
352,tensor(9.8096),tensor(17.4394)
353,tensor(9.0332),tensor(17.2127)
354,tensor(20.6881),tensor(33.2149)
355,tensor(11.7216),tensor(24.3725)
356,tensor(16.3880),tensor(29.1423)
357,tensor(12.9754),tensor(20.7125)
358,tensor(10.7688),tensor(21.0796)
359,tensor(18.1172),tensor(23.3996)
360,tensor(23.1465),tensor(28.5137)
361,tensor(9.7639),tensor(16.6246)
362,tensor(13.3190),tensor(21.5225)
363,tensor(10.5848),tensor(16.9890)
364,tensor(21.1303),tensor(36.2610)
365,tensor(11.6902),tensor(23.4762)
366,tensor(20.0940),tensor(35.3900)
367,tensor(24.1241),tensor(38.2521)
368,tensor(19.1255),tensor(26.4475)
369,tensor(17.5415),tensor(32.4451)
370,tensor(24.6298),tensor(35.5291)
371,tensor(10.6125),tensor(21.1192)
372,tensor(11.8951),tensor(22.0711)
373,tensor(11.9199),tensor(18.8757)
374,tensor(10.1305),tensor(19.1106)
375,tensor(25.0450),tensor(39.4648)
376,tensor(11.6271),tensor(18.4763)
377,tensor(23.7136),tensor(32.4327)
378,tensor(12.3540),tensor(23.5245)
379,tensor(29.7166),tensor(33.6113)
380,tensor(20.4471),tensor(30.3352)
381,tensor(13.6157),tensor(24.8601)
382,tensor(11.6649),tensor(21.6986)
383,tensor(18.1659),tensor(30.4612)
384,tensor(19.8804),tensor(32.6637)
385,tensor(23.8331),tensor(40.1219)
386,tensor(11.9194),tensor(17.0061)
387,tensor(10.4730),tensor(17.2501)
388,tensor(28.5390),tensor(39.2843)
389,tensor(9.9244),tensor(16.6569)
390,tensor(12.7090),tensor(24.0259)
391,tensor(20.7592),tensor(24.4200)
392,tensor(10.9808),tensor(21.0756)
393,tensor(13.3536),tensor(23.9817)
394,tensor(12.4830),tensor(23.9403)
395,tensor(22.6902),tensor(30.9123)
396,tensor(9.7631),tensor(17.4414)
397,tensor(10.1646),tensor(14.7957)
398,tensor(10.8376),tensor(20.2344)
399,tensor(11.8772),tensor(19.0232)
400,tensor(14.5851),tensor(25.6897)
401,tensor(12.3571),tensor(22.2727)
402,tensor(10.6173),tensor(21.2256)
403,tensor(11.6574),tensor(23.3745)
404,tensor(19.1583),tensor(28.4473)
405,tensor(13.4241),tensor(23.4063)
406,tensor(19.6480),tensor(31.2879)
407,tensor(11.0021),tensor(22.0507)
408,tensor(13.3975),tensor(26.7933)
409,tensor(16.2434),tensor(24.0082)
410,tensor(13.7187),tensor(24.1678)
411,tensor(21.0468),tensor(27.9385)
412,tensor(23.0787),tensor(31.1106)
413,tensor(22.3069),tensor(30.9915)
414,tensor(20.0767),tensor(27.2739)
415,tensor(16.2541),tensor(20.1927)
416,tensor(8.8342),tensor(14.1192)
417,tensor(25.2026),tensor(30.9122)
418,tensor(9.5600),tensor(17.0550)
419,tensor(14.2371),tensor(25.0117)
420,tensor(36.3720),tensor(40.7427)
421,tensor(16.9839),tensor(29.5479)
422,tensor(27.8302),tensor(31.5677)
423,tensor(10.2505),tensor(19.5342)
424,tensor(44.6853),tensor(53.6800)
425,tensor(16.6521),tensor(32.4647)
426,tensor(10.6282),tensor(21.3917)
427,tensor(10.9017),tensor(19.5734)
428,tensor(17.0153),tensor(26.0726)
429,tensor(9.6086),tensor(16.8619)
430,tensor(24.7427),tensor(28.6415)
431,tensor(11.5249),tensor(21.6887)
432,tensor(13.8478),tensor(22.1725)
433,tensor(11.4394),tensor(22.9782)
434,tensor(16.0650),tensor(28.9807)
435,tensor(28.8647),tensor(35.5846)
436,tensor(30.4227),tensor(39.3973)
437,tensor(12.4902),tensor(22.4289)
438,tensor(14.1867),tensor(25.8618)
439,tensor(16.2079),tensor(27.8897)
440,tensor(15.8426),tensor(27.4488)
441,tensor(13.3546),tensor(18.9404)
442,tensor(14.2520),tensor(19.8439)
443,tensor(21.7807),tensor(38.1159)
444,tensor(10.6684),tensor(19.2629)
445,tensor(17.6761),tensor(23.6885)
446,tensor(18.0971),tensor(32.6362)
447,tensor(15.4291),tensor(22.1700)
448,tensor(13.6941),tensor(25.4614)
449,tensor(19.8728),tensor(31.7546)
450,tensor(10.2604),tensor(20.3903)
451,tensor(16.3131),tensor(28.2924)
452,tensor(10.4794),tensor(20.0356)
453,tensor(10.0326),tensor(18.2916)
454,tensor(15.3938),tensor(29.6043)
455,tensor(13.0688),tensor(21.1473)
456,tensor(14.6779),tensor(28.3046)
457,tensor(23.9029),tensor(26.8162)
458,tensor(17.3890),tensor(24.5551)
459,tensor(14.4784),tensor(20.4124)
460,tensor(12.3125),tensor(21.9867)
461,tensor(12.4277),tensor(22.3547)
462,tensor(9.3738),tensor(17.8267)
463,tensor(11.6397),tensor(23.5456)
464,tensor(16.1760),tensor(28.1016)
465,tensor(13.9945),tensor(23.2031)
466,tensor(10.7906),tensor(21.2530)
467,tensor(13.3704),tensor(24.4137)
468,tensor(12.4679),tensor(20.6529)
469,tensor(29.2739),tensor(41.0611)
470,tensor(17.5972),tensor(22.0221)
471,tensor(12.5634),tensor(21.2490)
472,tensor(12.2373),tensor(20.4567)
473,tensor(27.2360),tensor(34.9889)
474,tensor(9.8907),tensor(16.8181)
475,tensor(20.1710),tensor(30.3691)
476,tensor(10.7603),tensor(19.9868)
477,tensor(18.2741),tensor(29.8797)
478,tensor(22.2836),tensor(27.9989)
479,tensor(16.1902),tensor(25.5943)
480,tensor(11.3670),tensor(17.2588)
481,tensor(9.1928),tensor(14.8621)
482,tensor(17.2287),tensor(32.3149)
483,tensor(10.9003),tensor(21.3791)
484,tensor(15.5251),tensor(27.2784)
485,tensor(18.3341),tensor(33.1885)
486,tensor(13.8709),tensor(24.4166)
487,tensor(14.9900),tensor(23.3970)
488,tensor(11.7283),tensor(23.1136)
489,tensor(10.0860),tensor(20.0743)
490,tensor(11.6107),tensor(23.6535)
491,tensor(13.0709),tensor(25.8419)
492,tensor(18.1429),tensor(27.3497)
493,tensor(12.7634),tensor(22.8123)
494,tensor(17.1633),tensor(21.7984)
495,tensor(11.8403),tensor(21.9794)
496,tensor(20.2942),tensor(32.5601)
497,tensor(23.3969),tensor(37.6445)
498,tensor(16.3208),tensor(29.3331)
499,tensor(14.9870),tensor(27.5287)
500,tensor(14.8118),tensor(30.8477)
501,tensor(20.4744),tensor(32.0288)
502,tensor(20.7742),tensor(25.0897)
503,tensor(19.1916),tensor(26.2240)
504,tensor(12.7643),tensor(21.2196)
505,tensor(12.7593),tensor(22.7979)
506,tensor(17.2817),tensor(26.1250)
507,tensor(9.3879),tensor(16.1313)
508,tensor(31.2620),tensor(39.6825)
509,tensor(11.3356),tensor(18.7368)
510,tensor(16.8164),tensor(21.3753)
511,tensor(40.9103),tensor(57.2940)
512,tensor(11.2922),tensor(20.7766)
513,tensor(11.0884),tensor(19.7106)
514,tensor(21.9837),tensor(31.3231)
515,tensor(18.8502),tensor(30.1933)
516,tensor(28.4310),tensor(37.5716)
517,tensor(35.8957),tensor(44.4829)
518,tensor(23.9460),tensor(41.9041)
519,tensor(14.9352),tensor(22.9310)
520,tensor(24.6853),tensor(32.6635)
521,tensor(17.8190),tensor(29.6847)
522,tensor(17.1439),tensor(30.1161)
523,tensor(19.2584),tensor(24.8924)
524,tensor(12.3273),tensor(20.6076)
525,tensor(16.2006),tensor(28.6106)
526,tensor(10.5182),tensor(20.9934)
527,tensor(12.1132),tensor(23.8034)
528,tensor(12.0682),tensor(23.2775)
529,tensor(11.6761),tensor(23.3421)
530,tensor(25.9334),tensor(34.2901)
531,tensor(10.6309),tensor(16.7872)
532,tensor(12.0075),tensor(23.5863)
533,tensor(9.2348),tensor(18.4253)
534,tensor(19.2489),tensor(31.4014)
535,tensor(13.0630),tensor(19.0512)
536,tensor(11.4094),tensor(22.9476)
537,tensor(16.0092),tensor(24.4674)
538,tensor(20.9851),tensor(30.2907)
539,tensor(24.3479),tensor(39.6301)
540,tensor(33.1342),tensor(42.7045)
541,tensor(13.8924),tensor(21.6326)
542,tensor(18.7131),tensor(29.4035)
543,tensor(11.0683),tensor(22.2096)
544,tensor(13.2649),tensor(18.7662)
545,tensor(31.0656),tensor(42.7682)
546,tensor(13.5847),tensor(23.4291)
547,tensor(10.6562),tensor(21.4392)
548,tensor(16.2520),tensor(24.5509)
549,tensor(10.8896),tensor(19.9312)
550,tensor(20.7439),tensor(29.6430)
551,tensor(14.7916),tensor(25.3044)
552,tensor(11.9326),tensor(19.9724)
553,tensor(13.8500),tensor(25.7213)
554,tensor(12.4180),tensor(24.1486)
555,tensor(17.3646),tensor(30.7233)
556,tensor(11.0067),tensor(21.6280)
557,tensor(9.4873),tensor(19.0592)
558,tensor(16.2156),tensor(28.0925)
559,tensor(12.0116),tensor(23.9757)
560,tensor(22.0720),tensor(36.3328)
561,tensor(10.7926),tensor(21.6658)
562,tensor(12.0984),tensor(24.2823)
563,tensor(19.3689),tensor(29.2182)
564,tensor(14.7275),tensor(27.1637)
565,tensor(11.6227),tensor(24.1551)
566,tensor(18.6039),tensor(33.5035)
567,tensor(8.9835),tensor(16.9922)
568,tensor(17.6987),tensor(28.9969)
569,tensor(16.7472),tensor(26.8305)
570,tensor(18.4801),tensor(23.5097)
571,tensor(9.8033),tensor(19.5008)
572,tensor(14.4057),tensor(20.2847)
573,tensor(29.2964),tensor(40.8921)
574,tensor(14.4656),tensor(22.7132)
575,tensor(13.4647),tensor(25.1452)
576,tensor(16.5441),tensor(24.7299)
577,tensor(11.8301),tensor(17.8427)
578,tensor(9.5392),tensor(18.8792)
579,tensor(9.1499),tensor(16.6292)
580,tensor(13.5742),tensor(19.0762)
581,tensor(11.3614),tensor(21.2884)
582,tensor(18.7446),tensor(22.2986)
583,tensor(17.7973),tensor(27.2599)
584,tensor(25.3996),tensor(33.1821)
585,tensor(9.7532),tensor(19.2194)
586,tensor(12.0958),tensor(23.7931)
587,tensor(21.6048),tensor(29.9814)
588,tensor(19.1156),tensor(31.6848)
589,tensor(17.7716),tensor(22.8717)
590,tensor(40.0498),tensor(42.0758)
591,tensor(14.4627),tensor(24.6366)
592,tensor(32.1078),tensor(39.1851)
593,tensor(12.5404),tensor(24.6002)
594,tensor(14.6113),tensor(28.5957)
595,tensor(10.4285),tensor(17.6605)
596,tensor(23.8299),tensor(36.1768)
597,tensor(12.4894),tensor(21.2792)
598,tensor(17.0928),tensor(30.2698)
599,tensor(16.6885),tensor(29.7752)
600,tensor(10.8188),tensor(21.3520)
601,tensor(10.4642),tensor(19.8057)
602,tensor(18.7013),tensor(24.2199)
603,tensor(13.1465),tensor(18.6810)
604,tensor(12.6249),tensor(24.5887)
605,tensor(20.1565),tensor(29.1973)
606,tensor(12.3889),tensor(22.5438)
607,tensor(14.8239),tensor(26.5940)
608,tensor(16.2228),tensor(24.1614)
609,tensor(11.4574),tensor(22.0457)
610,tensor(15.4817),tensor(23.3520)
611,tensor(11.6931),tensor(21.8599)
612,tensor(10.0004),tensor(20.3258)
613,tensor(13.2974),tensor(21.5190)
614,tensor(16.3654),tensor(24.9223)
615,tensor(17.0540),tensor(23.1632)
616,tensor(17.7813),tensor(24.0814)
617,tensor(10.3626),tensor(19.5138)
618,tensor(16.2802),tensor(20.3867)
619,tensor(9.7316),tensor(15.9808)
620,tensor(12.5957),tensor(20.0584)
621,tensor(11.0781),tensor(19.2780)
622,tensor(11.0341),tensor(19.9833)
623,tensor(10.8551),tensor(22.1822)
624,tensor(30.3390),tensor(41.0476)
625,tensor(10.5679),tensor(18.6544)
626,tensor(17.1773),tensor(21.4577)
627,tensor(37.0327),tensor(41.9407)
628,tensor(10.6472),tensor(16.8591)
629,tensor(18.4348),tensor(25.3267)
630,tensor(9.8652),tensor(16.3269)
631,tensor(12.5637),tensor(24.1049)
632,tensor(11.3093),tensor(22.2045)
633,tensor(24.0365),tensor(34.9872)
634,tensor(11.4153),tensor(21.3890)
635,tensor(12.6875),tensor(24.4947)
636,tensor(11.5928),tensor(19.8365)
637,tensor(12.4543),tensor(22.7822)
638,tensor(26.1486),tensor(37.0140)
639,tensor(20.4359),tensor(34.8681)
640,tensor(13.7920),tensor(19.7843)
641,tensor(17.4573),tensor(30.2384)
642,tensor(10.4791),tensor(18.1710)
643,tensor(11.7669),tensor(19.3463)
644,tensor(9.9422),tensor(16.7826)
645,tensor(19.2307),tensor(28.4586)
646,tensor(10.0189),tensor(18.7403)
647,tensor(18.6017),tensor(26.3927)
648,tensor(12.9006),tensor(26.1837)
649,tensor(11.1152),tensor(22.2513)
650,tensor(17.0304),tensor(30.7384)
651,tensor(10.7794),tensor(20.0050)
652,tensor(23.5633),tensor(36.3070)
653,tensor(10.5162),tensor(20.1540)
654,tensor(10.2683),tensor(20.5383)
655,tensor(10.0349),tensor(16.4731)
656,tensor(29.4455),tensor(39.8678)
657,tensor(23.2334),tensor(35.3484)
658,tensor(13.9748),tensor(22.4341)
659,tensor(11.7214),tensor(24.0227)
660,tensor(15.7075),tensor(27.7969)
661,tensor(10.4705),tensor(20.9537)
662,tensor(20.0708),tensor(33.2774)
663,tensor(15.2032),tensor(21.2733)
664,tensor(12.6438),tensor(19.7709)
665,tensor(30.1400),tensor(37.0215)
666,tensor(11.5631),tensor(18.5857)
667,tensor(9.5598),tensor(19.3848)
668,tensor(30.2110),tensor(35.8427)
669,tensor(26.1189),tensor(29.4548)
670,tensor(10.8594),tensor(20.2861)
671,tensor(9.6295),tensor(17.3403)
672,tensor(23.1180),tensor(34.5640)
673,tensor(11.8538),tensor(21.7331)
674,tensor(20.5585),tensor(33.1495)
675,tensor(12.4709),tensor(24.0818)
676,tensor(10.1150),tensor(14.7501)
677,tensor(13.2674),tensor(26.0236)
678,tensor(11.5062),tensor(21.4469)
679,tensor(13.9944),tensor(24.8999)
680,tensor(11.2385),tensor(21.0977)
681,tensor(15.6122),tensor(19.9253)
682,tensor(10.7640),tensor(20.6736)
683,tensor(15.6250),tensor(21.9378)
684,tensor(10.2501),tensor(17.6422)
685,tensor(15.2520),tensor(29.9776)
686,tensor(12.0249),tensor(18.6867)
687,tensor(14.9268),tensor(23.1446)
688,tensor(25.4659),tensor(32.1712)
689,tensor(15.8615),tensor(29.3535)
690,tensor(9.5421),tensor(16.0498)
691,tensor(17.0980),tensor(26.5272)
692,tensor(10.1651),tensor(18.3639)
693,tensor(13.4041),tensor(25.9838)
694,tensor(14.1787),tensor(19.7852)
695,tensor(22.2275),tensor(35.0538)
696,tensor(15.7661),tensor(24.4191)
697,tensor(11.6974),tensor(19.1826)
698,tensor(13.8237),tensor(20.1398)
699,tensor(15.9733),tensor(20.4838)
700,tensor(10.5207),tensor(20.5378)
701,tensor(17.1669),tensor(22.8192)
702,tensor(25.2674),tensor(29.7501)
703,tensor(16.8472),tensor(22.9066)
704,tensor(10.9314),tensor(21.8917)
705,tensor(11.9276),tensor(19.4096)
706,tensor(9.7523),tensor(19.4413)
707,tensor(11.5356),tensor(20.8802)
708,tensor(18.0430),tensor(25.3226)
709,tensor(18.8351),tensor(29.9518)
710,tensor(11.8422),tensor(19.0205)
711,tensor(10.8164),tensor(22.4331)
712,tensor(12.3132),tensor(21.0011)
713,tensor(11.9590),tensor(23.8053)
714,tensor(17.6676),tensor(23.6173)
715,tensor(23.5677),tensor(32.7766)
716,tensor(12.0912),tensor(21.8943)
717,tensor(17.6663),tensor(24.2751)
718,tensor(9.8085),tensor(16.5988)
719,tensor(10.6585),tensor(20.8696)
720,tensor(15.5077),tensor(23.2933)
721,tensor(14.2686),tensor(26.7564)
722,tensor(10.8316),tensor(21.8685)
723,tensor(18.1388),tensor(26.7098)
724,tensor(11.8552),tensor(23.2559)
725,tensor(10.0838),tensor(20.4438)
726,tensor(13.8369),tensor(24.6164)
727,tensor(9.7114),tensor(17.4356)
728,tensor(26.1941),tensor(39.3298)
729,tensor(23.0550),tensor(26.4176)
730,tensor(12.1574),tensor(24.4239)
731,tensor(12.0068),tensor(19.8125)
732,tensor(10.0748),tensor(20.8685)
733,tensor(20.9928),tensor(31.0874)
734,tensor(18.2527),tensor(25.1922)
735,tensor(18.4937),tensor(26.5298)
736,tensor(10.0939),tensor(18.6657)
737,tensor(9.7721),tensor(19.6434)
738,tensor(12.2782),tensor(21.5426)
739,tensor(14.1286),tensor(27.0074)
740,tensor(21.5346),tensor(38.3216)
741,tensor(13.0765),tensor(21.5951)
742,tensor(15.0263),tensor(26.2901)
743,tensor(14.3907),tensor(23.3677)
744,tensor(17.0355),tensor(28.5583)
745,tensor(18.0612),tensor(28.3670)
746,tensor(11.2820),tensor(19.0344)
747,tensor(11.8998),tensor(22.2771)
748,tensor(19.8355),tensor(25.2502)
749,tensor(18.4988),tensor(22.5854)
750,tensor(13.4670),tensor(23.7487)
751,tensor(11.4862),tensor(21.5694)
752,tensor(10.7217),tensor(19.3977)
753,tensor(12.3760),tensor(23.4106)
754,tensor(11.0468),tensor(19.6648)
755,tensor(12.8891),tensor(21.6392)
756,tensor(12.1987),tensor(24.4274)
757,tensor(12.1827),tensor(23.9871)
758,tensor(21.4076),tensor(32.0781)
759,tensor(10.5638),tensor(19.0552)
760,tensor(9.5788),tensor(18.3515)
761,tensor(16.5243),tensor(26.8604)
762,tensor(14.9927),tensor(26.3059)
763,tensor(16.1636),tensor(22.8990)
764,tensor(15.6555),tensor(25.5729)
765,tensor(15.2919),tensor(20.2715)
766,tensor(13.1213),tensor(20.1819)
767,tensor(13.6188),tensor(27.1562)
768,tensor(10.3078),tensor(19.6513)
769,tensor(15.2040),tensor(26.8807)
770,tensor(11.8663),tensor(22.1401)
771,tensor(17.1594),tensor(22.8773)
772,tensor(9.5177),tensor(18.8657)
773,tensor(16.3093),tensor(22.3300)
774,tensor(15.8878),tensor(22.4364)
775,tensor(15.4854),tensor(24.7190)
776,tensor(15.3412),tensor(29.2655)
777,tensor(10.3575),tensor(20.2113)
778,tensor(13.3934),tensor(18.5159)
779,tensor(10.7806),tensor(21.7300)
780,tensor(12.1500),tensor(21.8684)
781,tensor(15.4559),tensor(24.6014)
782,tensor(16.1141),tensor(21.4825)
783,tensor(15.2748),tensor(25.1124)
784,tensor(14.5086),tensor(26.4967)
785,tensor(12.7124),tensor(24.0680)
786,tensor(13.0592),tensor(18.0476)
787,tensor(11.8871),tensor(22.8671)
788,tensor(13.9483),tensor(20.6101)
789,tensor(10.2633),tensor(21.2635)
790,tensor(21.7385),tensor(25.8701)
791,tensor(13.9438),tensor(22.6260)
792,tensor(15.2533),tensor(23.2555)
793,tensor(12.1425),tensor(22.9424)
794,tensor(13.0945),tensor(24.4638)
795,tensor(16.0223),tensor(22.4452)
796,tensor(11.5842),tensor(23.6401)
797,tensor(11.6549),tensor(22.5609)
798,tensor(19.9594),tensor(27.9900)
799,tensor(17.9778),tensor(24.7998)
800,tensor(13.3603),tensor(24.6991)
801,tensor(26.0243),tensor(36.1768)
802,tensor(10.7148),tensor(21.7800)
803,tensor(21.3044),tensor(26.3793)
804,tensor(16.0366),tensor(26.8207)
805,tensor(21.8550),tensor(34.7678)
806,tensor(17.9155),tensor(29.0282)
807,tensor(13.6495),tensor(24.0041)
808,tensor(9.7733),tensor(18.4027)
809,tensor(16.6714),tensor(20.5759)
810,tensor(16.0652),tensor(29.2684)
811,tensor(16.5518),tensor(31.2593)
812,tensor(10.2559),tensor(19.0626)
813,tensor(13.3885),tensor(20.9780)
814,tensor(28.9961),tensor(36.1246)
815,tensor(14.5787),tensor(25.5607)
816,tensor(13.2405),tensor(24.2415)
817,tensor(13.6186),tensor(24.5323)
818,tensor(17.2606),tensor(29.3228)
819,tensor(11.1258),tensor(21.4422)
820,tensor(10.3831),tensor(19.5926)
821,tensor(11.6532),tensor(23.8497)
822,tensor(14.0616),tensor(22.3133)
823,tensor(12.6920),tensor(24.1268)
824,tensor(11.7827),tensor(22.1931)
825,tensor(10.5840),tensor(19.0040)
826,tensor(13.4936),tensor(21.1646)
827,tensor(10.4219),tensor(21.0284)
828,tensor(13.8590),tensor(26.7641)
829,tensor(18.9783),tensor(29.3062)
830,tensor(13.8972),tensor(25.1070)
831,tensor(29.6817),tensor(39.9949)
832,tensor(11.6365),tensor(23.0389)
833,tensor(27.4422),tensor(38.0854)
834,tensor(13.8664),tensor(25.2189)
835,tensor(14.7978),tensor(25.8610)
836,tensor(11.9922),tensor(23.4348)
837,tensor(12.6069),tensor(24.8588)
838,tensor(11.2217),tensor(19.1916)
839,tensor(14.6955),tensor(25.5861)
840,tensor(14.6797),tensor(24.6427)
841,tensor(35.1819),tensor(38.4155)
842,tensor(23.8538),tensor(27.0391)
843,tensor(34.2715),tensor(37.9670)
844,tensor(11.2723),tensor(20.7536)
845,tensor(14.4683),tensor(20.3014)
846,tensor(16.8544),tensor(27.4722)
847,tensor(12.9466),tensor(23.0379)
848,tensor(10.6917),tensor(21.9096)
849,tensor(9.4174),tensor(16.8750)
850,tensor(15.7424),tensor(20.3029)
851,tensor(15.9082),tensor(28.2501)
852,tensor(14.1090),tensor(26.5625)
853,tensor(13.9488),tensor(20.7912)
854,tensor(11.1309),tensor(22.6264)
855,tensor(11.0248),tensor(20.3167)
856,tensor(14.2564),tensor(25.5253)
857,tensor(16.2960),tensor(27.1729)
858,tensor(12.4002),tensor(24.8936)
859,tensor(11.7882),tensor(21.2784)
860,tensor(15.9779),tensor(26.4763)
861,tensor(18.7360),tensor(33.0514)
862,tensor(17.5624),tensor(29.6745)
863,tensor(10.4316),tensor(19.2356)
864,tensor(12.8298),tensor(24.8370)
865,tensor(12.2205),tensor(24.6593)
866,tensor(15.2636),tensor(21.1046)
867,tensor(11.8739),tensor(21.3491)
868,tensor(9.0228),tensor(15.9100)
869,tensor(12.6490),tensor(25.1841)
870,tensor(12.5848),tensor(25.0249)
871,tensor(14.5119),tensor(26.6381)
872,tensor(12.6932),tensor(25.1302)
873,tensor(12.0068),tensor(21.6627)
874,tensor(14.0230),tensor(22.2629)
875,tensor(10.3312),tensor(19.0070)
876,tensor(13.5495),tensor(24.4397)
877,tensor(11.3536),tensor(23.2296)
878,tensor(18.4159),tensor(28.2067)
879,tensor(15.1144),tensor(21.2913)
880,tensor(10.1078),tensor(19.6252)
881,tensor(11.4246),tensor(22.2321)
882,tensor(21.3860),tensor(31.3503)
883,tensor(12.7031),tensor(19.6063)
884,tensor(17.8421),tensor(24.5330)
885,tensor(12.7640),tensor(24.2890)
886,tensor(9.8624),tensor(18.7690)
887,tensor(11.7582),tensor(23.4214)
888,tensor(11.8077),tensor(22.6960)
889,tensor(12.4400),tensor(25.2940)
890,tensor(27.8469),tensor(36.3023)
891,tensor(13.4242),tensor(24.6037)
892,tensor(11.6240),tensor(23.3706)
893,tensor(11.8911),tensor(24.1922)
894,tensor(12.1725),tensor(23.3732)
895,tensor(16.8907),tensor(29.3130)
896,tensor(11.4743),tensor(20.0896)
897,tensor(13.9178),tensor(27.0487)
898,tensor(16.1489),tensor(23.8368)
899,tensor(11.4100),tensor(22.9714)
900,tensor(10.3430),tensor(20.1398)
901,tensor(19.1926),tensor(29.5911)
902,tensor(10.7778),tensor(21.4713)
903,tensor(14.2629),tensor(24.4307)
904,tensor(13.0305),tensor(23.7950)
905,tensor(18.1922),tensor(28.0315)
906,tensor(16.7434),tensor(25.9155)
907,tensor(10.5769),tensor(22.2670)
908,tensor(10.0524),tensor(20.5745)
909,tensor(12.3933),tensor(24.1912)
910,tensor(19.0160),tensor(31.1266)
911,tensor(27.3566),tensor(38.5260)
912,tensor(12.6649),tensor(22.2852)
913,tensor(15.5772),tensor(25.7456)
914,tensor(13.1311),tensor(25.8547)
915,tensor(12.4720),tensor(22.4766)
916,tensor(12.0893),tensor(21.2406)
917,tensor(10.6543),tensor(20.7576)
918,tensor(9.8975),tensor(18.6690)
919,tensor(12.6975),tensor(23.2155)
920,tensor(11.9389),tensor(22.9643)
921,tensor(26.1708),tensor(39.5458)
922,tensor(20.9307),tensor(27.6242)
923,tensor(16.7947),tensor(25.5230)
924,tensor(10.6199),tensor(20.0612)
925,tensor(13.2593),tensor(24.7134)
926,tensor(22.3441),tensor(31.5488)
927,tensor(15.0942),tensor(25.2284)
928,tensor(13.1696),tensor(18.1606)
929,tensor(11.9761),tensor(23.7078)
930,tensor(14.2350),tensor(26.7930)
931,tensor(13.7364),tensor(26.4736)
932,tensor(14.6151),tensor(23.4009)
933,tensor(10.2368),tensor(19.0846)
934,tensor(21.3080),tensor(25.2421)
935,tensor(17.8207),tensor(30.5923)
936,tensor(18.1907),tensor(32.5873)
937,tensor(20.9088),tensor(29.3486)
938,tensor(12.4792),tensor(22.7121)
939,tensor(14.3843),tensor(26.2167)
940,tensor(13.7927),tensor(21.4082)
941,tensor(11.8605),tensor(21.3859)
942,tensor(17.8707),tensor(30.3534)
943,tensor(10.4496),tensor(20.0165)
944,tensor(16.8571),tensor(24.9764)
945,tensor(16.0267),tensor(29.2818)
946,tensor(13.8057),tensor(24.2873)
947,tensor(14.6565),tensor(25.3268)
948,tensor(10.6304),tensor(20.6715)
949,tensor(13.2049),tensor(25.7695)
950,tensor(19.7894),tensor(31.6549)
951,tensor(13.8245),tensor(27.3152)
952,tensor(12.9787),tensor(24.0290)
953,tensor(11.8174),tensor(21.9415)
954,tensor(17.4711),tensor(21.6666)
955,tensor(17.0069),tensor(27.0707)
956,tensor(14.0615),tensor(22.2793)
957,tensor(11.7045),tensor(23.3503)
958,tensor(12.5728),tensor(24.2583)
959,tensor(10.2254),tensor(20.6191)
960,tensor(13.1023),tensor(25.5641)
961,tensor(11.9730),tensor(24.8574)
962,tensor(12.7418),tensor(19.0497)
963,tensor(13.3665),tensor(26.2376)
964,tensor(17.0339),tensor(21.8514)
965,tensor(26.3296),tensor(34.6531)
966,tensor(13.9308),tensor(25.5224)
967,tensor(14.7809),tensor(27.2462)
968,tensor(12.2948),tensor(24.3876)
969,tensor(13.4265),tensor(21.2849)
970,tensor(12.3980),tensor(21.7519)
971,tensor(11.2107),tensor(19.5951)
972,tensor(14.4474),tensor(25.7709)
973,tensor(13.8968),tensor(19.6803)
974,tensor(11.4584),tensor(23.5469)
975,tensor(14.0972),tensor(25.3995)
976,tensor(14.2356),tensor(26.8410)
977,tensor(11.4059),tensor(23.2694)
978,tensor(10.5752),tensor(21.6662)
979,tensor(9.6325),tensor(19.1252)
980,tensor(15.1125),tensor(18.8132)
981,tensor(12.0620),tensor(23.3287)
982,tensor(13.4456),tensor(23.4422)
983,tensor(17.5298),tensor(28.3469)
984,tensor(40.6284),tensor(56.5958)
985,tensor(12.5284),tensor(22.9907)
986,tensor(15.5618),tensor(29.8272)
987,tensor(21.8411),tensor(26.8300)
988,tensor(10.4277),tensor(21.4400)
989,tensor(21.1377),tensor(28.6086)
990,tensor(10.8676),tensor(18.6235)
991,tensor(10.0369),tensor(19.6149)
992,tensor(8.6391),tensor(16.1617)
993,tensor(15.6147),tensor(26.7976)
994,tensor(11.2025),tensor(22.1752)
995,tensor(20.1801),tensor(32.2380)
996,tensor(14.5404),tensor(23.7382)
997,tensor(14.5491),tensor(20.4372)
998,tensor(11.5312),tensor(24.6415)
999,tensor(12.8698),tensor(24.1721)
